episode,row_index,truth,prediction,confidence,accepted
episode_300,140,line,line,0.75886786,True
episode_300,151,line,line,0.9437803,True
episode_300,161,line,line,0.9734664,True
episode_300,171,line,line,0.9623874,True
episode_300,182,line,line,0.96030414,True
episode_300,193,line,line,0.96379614,True
episode_300,203,line,line,0.9700172,True
episode_300,213,line,line,0.97735846,True
episode_300,224,line,line,0.98169106,True
episode_300,234,line,line,0.97552437,True
episode_300,245,line,line,0.968852,True
episode_300,256,line,line,0.9669613,True
episode_300,266,line,line,0.96943754,True
episode_300,276,line,line,0.96408546,True
episode_300,287,line,line,0.93634737,True
episode_300,298,line,line,0.9141681,True
episode_300,309,line,line,0.9233757,True
episode_300,319,line,line,0.94115114,True
episode_300,330,line,line,0.9548142,True
episode_300,340,line,line,0.9632677,True
episode_300,351,line,line,0.97119415,True
episode_301,141,circle,circle,0.9237738,True
episode_301,151,circle,circle,0.9455593,True
episode_301,162,circle,circle,0.95767176,True
episode_301,173,circle,circle,0.9722667,True
episode_301,184,circle,circle,0.9844615,True
episode_301,194,circle,circle,0.99105144,True
episode_301,205,circle,circle,0.9941104,True
episode_301,216,circle,circle,0.9949764,True
episode_301,226,circle,circle,0.9950852,True
episode_301,237,circle,circle,0.99499834,True
episode_301,247,circle,circle,0.99494016,True
episode_301,258,circle,circle,0.9949851,True
episode_301,269,circle,circle,0.9951191,True
episode_301,279,circle,circle,0.9952543,True
episode_301,290,circle,circle,0.99536514,True
episode_301,301,circle,circle,0.99543154,True
episode_301,311,circle,circle,0.99545336,True
episode_301,322,circle,circle,0.99545044,True
episode_301,332,circle,circle,0.9954332,True
episode_301,343,circle,circle,0.99541676,True
episode_301,354,circle,circle,0.99541724,True
episode_302,141,figure_eight,figure_eight,0.99975234,True
episode_302,152,figure_eight,figure_eight,0.9998715,True
episode_302,163,figure_eight,figure_eight,0.9998697,True
episode_302,174,figure_eight,figure_eight,0.99983835,True
episode_302,184,figure_eight,figure_eight,0.99928313,True
episode_302,194,figure_eight,figure_eight,0.99492466,True
episode_302,205,figure_eight,figure_eight,0.97192645,True
episode_302,215,figure_eight,figure_eight,0.9043646,True
episode_302,226,figure_eight,figure_eight,0.8502951,True
episode_302,236,figure_eight,figure_eight,0.9139549,True
episode_302,247,figure_eight,figure_eight,0.9809725,True
episode_302,258,figure_eight,figure_eight,0.99709725,True
episode_302,268,figure_eight,figure_eight,0.9997446,True
episode_302,279,figure_eight,figure_eight,0.9999552,True
episode_302,289,figure_eight,figure_eight,0.9999733,True
episode_302,300,figure_eight,figure_eight,0.9999796,True
episode_302,311,figure_eight,figure_eight,0.9999777,True
episode_302,322,figure_eight,figure_eight,0.9999497,True
episode_302,332,figure_eight,figure_eight,0.99983776,True
episode_302,343,figure_eight,figure_eight,0.9987668,True
episode_302,353,figure_eight,figure_eight,0.99370027,True
episode_303,141,climb,climb,0.9913748,True
episode_303,151,climb,climb,0.99370205,True
episode_303,161,climb,climb,0.9954266,True
episode_303,171,climb,climb,0.9971553,True
episode_303,182,climb,climb,0.99818975,True
episode_303,193,climb,climb,0.9985299,True
episode_303,204,climb,climb,0.99854577,True
episode_303,214,climb,climb,0.9980896,True
episode_303,225,climb,climb,0.9972669,True
episode_303,235,climb,climb,0.9975624,True
episode_303,245,climb,climb,0.99729186,True
episode_303,256,climb,climb,0.9949456,True
episode_303,267,climb,climb,0.9860032,True
episode_303,277,climb,climb,0.97298783,True
episode_303,288,climb,climb,0.96334743,True
episode_303,299,climb,climb,0.9638716,True
episode_303,309,climb,climb,0.97413164,True
episode_303,319,climb,climb,0.98193455,True
episode_303,330,climb,climb,0.9891038,True
episode_303,341,climb,climb,0.9918583,True
episode_303,351,climb,climb,0.9919829,True
episode_304,141,stop_go,stop_go,0.56436163,False
episode_304,151,stop_go,stop_go,0.7493735,True
episode_304,162,stop_go,stop_go,0.85360914,True
episode_304,173,stop_go,stop_go,0.86458194,True
episode_304,183,stop_go,stop_go,0.86271524,True
episode_304,194,stop_go,stop_go,0.89944863,True
episode_304,204,stop_go,stop_go,0.93016875,True
episode_304,215,stop_go,stop_go,0.9476186,True
episode_304,225,stop_go,stop_go,0.95477563,True
episode_304,236,stop_go,stop_go,0.9538658,True
episode_304,247,stop_go,stop_go,0.92729026,True
episode_304,257,stop_go,stop_go,0.8541104,True
episode_304,268,stop_go,stop_go,0.71466744,True
episode_304,279,stop_go,stop_go,0.7375003,True
episode_304,289,stop_go,stop_go,0.82175756,True
episode_304,300,stop_go,stop_go,0.8655586,True
episode_304,311,stop_go,stop_go,0.8886565,True
episode_304,321,stop_go,stop_go,0.8975949,True
episode_304,331,stop_go,stop_go,0.8923943,True
episode_304,342,stop_go,stop_go,0.91915387,True
episode_304,352,stop_go,stop_go,0.9375631,True
episode_305,141,line,line,0.9162644,True
episode_305,152,line,line,0.92976505,True
episode_305,162,line,line,0.9464274,True
episode_305,173,line,line,0.9584839,True
episode_305,183,line,line,0.9469613,True
episode_305,194,line,line,0.93340635,True
episode_305,204,line,line,0.9417162,True
episode_305,215,line,line,0.95805645,True
episode_305,225,line,line,0.9687608,True
episode_305,236,line,line,0.9760165,True
episode_305,247,line,line,0.97927046,True
episode_305,257,line,line,0.9834669,True
episode_305,268,line,line,0.9875437,True
episode_305,278,line,line,0.9838964,True
episode_305,289,line,line,0.9797585,True
episode_305,299,line,line,0.97808856,True
episode_305,310,line,line,0.9786209,True
episode_305,321,line,line,0.975024,True
episode_305,331,line,line,0.95967704,True
episode_305,342,line,line,0.9378884,True
episode_305,352,line,line,0.9164736,True
episode_306,141,circle,circle,0.9226504,True
episode_306,152,circle,circle,0.97839,True
episode_306,163,circle,circle,0.98841804,True
episode_306,173,circle,circle,0.9938168,True
episode_306,184,circle,circle,0.99728274,True
episode_306,195,circle,circle,0.99853325,True
episode_306,205,circle,circle,0.99893826,True
episode_306,216,circle,circle,0.999114,True
episode_306,226,circle,circle,0.9991905,True
episode_306,237,circle,circle,0.99921584,True
episode_306,247,circle,circle,0.99922943,True
episode_306,258,circle,circle,0.999257,True
episode_306,269,circle,circle,0.99928975,True
episode_306,279,circle,circle,0.999315,True
episode_306,290,circle,circle,0.99932814,True
episode_306,301,circle,circle,0.9993343,True
episode_306,311,circle,circle,0.9993338,True
episode_306,321,circle,circle,0.9993315,True
episode_306,332,circle,circle,0.999328,True
episode_306,343,circle,circle,0.999328,True
episode_306,354,circle,circle,0.9993292,True
episode_307,141,figure_eight,figure_eight,0.999982,True
episode_307,151,figure_eight,figure_eight,0.9999778,True
episode_307,161,figure_eight,figure_eight,0.99999535,True
episode_307,172,figure_eight,figure_eight,1.0,True
episode_307,183,figure_eight,figure_eight,1.0,True
episode_307,193,figure_eight,figure_eight,1.0,True
episode_307,204,figure_eight,figure_eight,1.0,True
episode_307,214,figure_eight,figure_eight,1.0,True
episode_307,225,figure_eight,figure_eight,1.0,True
episode_307,235,figure_eight,figure_eight,1.0,True
episode_307,246,figure_eight,figure_eight,0.9999999,True
episode_307,257,figure_eight,figure_eight,0.9999945,True
episode_307,268,figure_eight,figure_eight,0.99999976,True
episode_307,279,figure_eight,figure_eight,1.0,True
episode_307,290,figure_eight,figure_eight,1.0,True
episode_307,300,figure_eight,figure_eight,1.0,True
episode_307,311,figure_eight,figure_eight,1.0,True
episode_307,322,figure_eight,figure_eight,1.0,True
episode_307,332,figure_eight,figure_eight,1.0,True
episode_307,343,figure_eight,figure_eight,1.0,True
episode_307,353,figure_eight,figure_eight,0.9999988,True
episode_308,141,climb,climb,0.99153346,True
episode_308,152,climb,climb,0.9812835,True
episode_308,163,climb,climb,0.98673034,True
episode_308,173,climb,climb,0.9873646,True
episode_308,184,climb,climb,0.9860626,True
episode_308,195,climb,climb,0.9818817,True
episode_308,206,climb,climb,0.97476023,True
episode_308,216,climb,climb,0.9764063,True
episode_308,227,climb,climb,0.9762897,True
episode_308,238,climb,climb,0.9608957,True
episode_308,249,climb,climb,0.9232308,True
episode_308,259,climb,climb,0.8743062,True
episode_308,270,climb,climb,0.8692488,True
episode_308,281,climb,climb,0.8859796,True
episode_308,292,climb,climb,0.915027,True
episode_308,303,climb,climb,0.93694425,True
episode_308,313,climb,climb,0.9505182,True
episode_308,324,climb,climb,0.9548653,True
episode_308,335,climb,climb,0.95062816,True
episode_308,346,climb,climb,0.942697,True
episode_308,356,climb,climb,0.9500123,True
episode_309,141,stop_go,stop_go,0.6416286,True
episode_309,151,stop_go,stop_go,0.6713377,True
episode_309,161,stop_go,stop_go,0.64761776,True
episode_309,172,stop_go,line,0.7459584,True
episode_309,182,stop_go,line,0.94640905,True
episode_309,193,stop_go,line,0.97725916,True
episode_309,204,stop_go,line,0.9665808,True
episode_309,214,stop_go,line,0.93315667,True
episode_309,225,stop_go,line,0.8869286,True
episode_309,235,stop_go,line,0.7296816,True
episode_309,246,stop_go,stop_go,0.5023723,False
episode_309,257,stop_go,stop_go,0.65063685,True
episode_309,267,stop_go,stop_go,0.71791923,True
episode_309,278,stop_go,stop_go,0.74841315,True
episode_309,288,stop_go,stop_go,0.7869233,True
episode_309,299,stop_go,stop_go,0.8517869,True
episode_309,310,stop_go,stop_go,0.8807854,True
episode_309,320,stop_go,stop_go,0.88091516,True
episode_309,331,stop_go,stop_go,0.8446962,True
episode_309,341,stop_go,stop_go,0.7009444,True
episode_309,352,stop_go,line,0.7093938,True
episode_310,141,line,line,0.9304534,True
episode_310,152,line,line,0.90560144,True
episode_310,162,line,line,0.8995274,True
episode_310,173,line,line,0.8829621,True
episode_310,184,line,line,0.8588934,True
episode_310,194,line,line,0.86376166,True
episode_310,205,line,line,0.8886167,True
episode_310,215,line,line,0.9118034,True
episode_310,226,line,line,0.86915296,True
episode_310,237,line,line,0.75210905,True
episode_310,247,line,line,0.6865886,True
episode_310,258,line,line,0.6826482,True
episode_310,268,line,line,0.7466977,True
episode_310,279,line,line,0.8324111,True
episode_310,290,line,line,0.834621,True
episode_310,300,line,line,0.84831375,True
episode_310,311,line,line,0.87862736,True
episode_310,322,line,line,0.90512776,True
episode_310,332,line,line,0.8641583,True
episode_310,343,line,line,0.73942953,True
episode_310,353,line,line,0.6741853,True
episode_311,141,circle,circle,0.91001564,True
episode_311,152,circle,circle,0.92713785,True
episode_311,163,circle,circle,0.9416463,True
episode_311,174,circle,circle,0.9605124,True
episode_311,185,circle,circle,0.9756295,True
episode_311,196,circle,circle,0.98447937,True
episode_311,206,circle,circle,0.98797846,True
episode_311,217,circle,circle,0.989017,True
episode_311,228,circle,circle,0.9889219,True
episode_311,239,circle,circle,0.988437,True
episode_311,250,circle,circle,0.98811346,True
episode_311,261,circle,circle,0.98804784,True
episode_311,272,circle,circle,0.9881246,True
episode_311,283,circle,circle,0.98822147,True
episode_311,294,circle,circle,0.98828053,True
episode_311,305,circle,circle,0.9882804,True
episode_311,315,circle,circle,0.9882483,True
episode_311,326,circle,circle,0.9881896,True
episode_311,337,circle,circle,0.9881516,True
episode_311,348,circle,circle,0.9881386,True
episode_311,359,circle,circle,0.98813605,True
episode_312,141,figure_eight,figure_eight,0.99995255,True
episode_312,151,figure_eight,figure_eight,0.9999721,True
episode_312,162,figure_eight,figure_eight,0.99996746,True
episode_312,173,figure_eight,figure_eight,0.9998832,True
episode_312,184,figure_eight,figure_eight,0.9995925,True
episode_312,195,figure_eight,figure_eight,0.9994085,True
episode_312,206,figure_eight,figure_eight,0.9998654,True
episode_312,217,figure_eight,figure_eight,0.99999404,True
episode_312,228,figure_eight,figure_eight,0.9999994,True
episode_312,239,figure_eight,figure_eight,0.99999976,True
episode_312,250,figure_eight,figure_eight,0.99999976,True
episode_312,261,figure_eight,figure_eight,0.99999976,True
episode_312,272,figure_eight,figure_eight,0.99999964,True
episode_312,283,figure_eight,figure_eight,0.99999297,True
episode_312,294,figure_eight,figure_eight,0.9996055,True
episode_312,305,figure_eight,figure_eight,0.99580127,True
episode_312,316,figure_eight,figure_eight,0.9955948,True
episode_312,327,figure_eight,figure_eight,0.9993156,True
episode_312,338,figure_eight,figure_eight,0.99998844,True
episode_312,349,figure_eight,figure_eight,0.9999993,True
episode_312,360,figure_eight,figure_eight,0.99999976,True
episode_313,141,climb,climb,0.999895,True
episode_313,151,climb,climb,0.99994063,True
episode_313,162,climb,climb,0.9999703,True
episode_313,173,climb,climb,0.9999616,True
episode_313,184,climb,climb,0.99991035,True
episode_313,195,climb,climb,0.9998611,True
episode_313,206,climb,climb,0.99987054,True
episode_313,217,climb,climb,0.9999211,True
episode_313,228,climb,climb,0.9999325,True
episode_313,238,climb,climb,0.99992645,True
episode_313,249,climb,climb,0.9999114,True
episode_313,260,climb,climb,0.9998983,True
episode_313,271,climb,climb,0.99985504,True
episode_313,281,climb,climb,0.99974793,True
episode_313,292,climb,climb,0.9996588,True
episode_313,303,climb,climb,0.9998667,True
episode_313,314,climb,climb,0.9999529,True
episode_313,325,climb,climb,0.9999691,True
episode_313,335,climb,climb,0.99995697,True
episode_313,346,climb,climb,0.9999188,True
episode_313,357,climb,climb,0.9999434,True
episode_314,141,stop_go,stop_go,0.99754,True
episode_314,152,stop_go,stop_go,0.99692625,True
episode_314,163,stop_go,stop_go,0.99580574,True
episode_314,173,stop_go,stop_go,0.9937125,True
episode_314,184,stop_go,stop_go,0.99536055,True
episode_314,195,stop_go,stop_go,0.9954359,True
episode_314,206,stop_go,stop_go,0.9963051,True
episode_314,217,stop_go,stop_go,0.99701464,True
episode_314,227,stop_go,stop_go,0.9970074,True
episode_314,238,stop_go,stop_go,0.9964791,True
episode_314,248,stop_go,stop_go,0.99551857,True
episode_314,259,stop_go,stop_go,0.99406046,True
episode_314,270,stop_go,stop_go,0.99282986,True
episode_314,280,stop_go,stop_go,0.99361175,True
episode_314,291,stop_go,stop_go,0.9957979,True
episode_314,302,stop_go,stop_go,0.99616003,True
episode_314,312,stop_go,stop_go,0.9957189,True
episode_314,323,stop_go,stop_go,0.99575764,True
episode_314,334,stop_go,stop_go,0.99652773,True
episode_314,344,stop_go,stop_go,0.99670523,True
episode_314,355,stop_go,stop_go,0.99625635,True
