epoch,train_normalized_mse,validation_normalized_mse
1,0.489398757971174,0.2629687488079071
2,0.10189818503080067,0.10173790156841278
3,0.05467355061492485,0.06762950867414474
4,0.040604435055829675,0.05353010073304176
5,0.03239088258493491,0.04389353096485138
6,0.026665202288644937,0.03856167942285538
7,0.021708396305929082,0.03568007051944733
8,0.01805361481344799,0.03305276855826378
9,0.014717639456367839,0.029983986169099808
10,0.012231742452319973,0.029966294765472412
11,0.010264726012512361,0.0254199355840683
12,0.00871128971645941,0.027618490159511566
13,0.007404169223862565,0.025792405009269714
14,0.006444824449099693,0.025586022064089775
15,0.005683503584372057,0.02307846024632454
16,0.005111629963384871,0.02463701367378235
17,0.004664653944067997,0.023145509883761406
18,0.004290738235772645,0.02217051014304161
19,0.003969046655130337,0.022620325908064842
20,0.0036942126851575254,0.02198006957769394
21,0.0033857010069198875,0.021610986441373825
22,0.0032375507613188,0.02165357396006584
23,0.003064328997832611,0.020666133612394333
24,0.002702495304450269,0.02108743228018284
25,0.002665766757715849,0.0191543847322464
26,0.002429797705958493,0.021932007744908333
27,0.002295460877940059,0.021249331533908844
28,0.0021794336335926754,0.0219772569835186
29,0.0020896414153787975,0.023835115134716034
30,0.002071091339100322,0.02282247506082058
31,0.0018695596889573385,0.021171903237700462
32,0.0018152079658961518,0.022937925532460213
33,0.001833970121038436,0.021029269322752953
