model,episode_id,horizon_s,windows,position_mae,position_rmse,position_vector_rmse,velocity_mae,velocity_rmse,velocity_vector_rmse
constant_velocity,episode_025,0.25,241,0.0037921599578112364,0.007101701572537422,0.012300508096814156,0.030077112838625908,0.05624037981033325,0.09741119295358658
constant_velocity,episode_025,0.5,241,0.014904146082699299,0.02784568816423416,0.04823014512658119,0.058837343007326126,0.1099482849240303,0.19043602049350739
constant_velocity,episode_025,1.0,241,0.05790668725967407,0.10831189155578613,0.187601700425148,0.11424227803945541,0.2144371122121811,0.37141600251197815
constant_velocity,episode_026,0.25,241,0.0031248938757926226,0.004885431379079819,0.008461815305054188,0.024702038615942,0.038263704627752304,0.06627468019723892
constant_velocity,episode_026,0.5,241,0.012204340659081936,0.018740365281701088,0.03245926275849342,0.04779187962412834,0.0721091777086258,0.12489675730466843
constant_velocity,episode_026,1.0,241,0.04676992818713188,0.06950017809867859,0.12037784606218338,0.09043610841035843,0.13050371408462524,0.2260390818119049
constant_velocity,episode_027,0.25,241,0.005643158685415983,0.007882152684032917,0.013652289286255836,0.04501858353614807,0.06286370009183884,0.10888313502073288
constant_velocity,episode_027,0.5,241,0.022387413308024406,0.03126341104507446,0.0541498176753521,0.08886293321847916,0.12415904551744461,0.21504977345466614
constant_velocity,episode_027,1.0,241,0.08728306740522385,0.12212609499692917,0.21152859926223755,0.17077721655368805,0.23988664150238037,0.4154958426952362
constant_velocity,episode_028,0.25,241,0.004082010127604008,0.00545036094263196,0.009440301917493343,0.03250826522707939,0.04327148571610451,0.07494840770959854
constant_velocity,episode_028,0.5,241,0.01612086594104767,0.021407008171081543,0.03707802668213844,0.06372209638357162,0.08419398218393326,0.1458282470703125
constant_velocity,episode_028,1.0,241,0.06270203739404678,0.082516610622406,0.14292296767234802,0.12234579026699066,0.15987415611743927,0.2769101560115814
constant_velocity,episode_029,0.25,241,0.004869211930781603,0.008814333938062191,0.015266873873770237,0.03881135955452919,0.06997820734977722,0.12120581418275833
constant_velocity,episode_029,0.5,241,0.019134536385536194,0.03444414213299751,0.05965900793671608,0.07556681334972382,0.1355562061071396,0.23479022085666656
constant_velocity,episode_029,1.0,241,0.07268209755420685,0.13000540435314178,0.22517596185207367,0.14096754789352417,0.25234368443489075,0.43707209825515747
constant_acceleration,episode_025,0.25,241,0.00034673133632168174,0.0007835648721083999,0.0013571742456406355,0.003940507769584656,0.00914357602596283,0.015837138518691063
constant_acceleration,episode_025,0.5,241,0.002524356124922633,0.005895585753023624,0.010211454704403877,0.014606935903429985,0.03422430902719498,0.05927823856472969
constant_acceleration,episode_025,1.0,241,0.018358292058110237,0.04260670021176338,0.07379696518182755,0.052149698138237,0.1193707287311554,0.20675617456436157
constant_acceleration,episode_026,0.25,241,0.0002262075140606612,0.0004312171367928386,0.0007468900294043124,0.0025784147437661886,0.005051515065133572,0.008749480359256268
constant_acceleration,episode_026,0.5,241,0.0016407521907240152,0.0032700037118047476,0.005663812160491943,0.009402204304933548,0.019074762240052223,0.033038459718227386
constant_acceleration,episode_026,1.0,241,0.011836077086627483,0.024145351722836494,0.04182098060846329,0.033625051379203796,0.06872976571321487,0.11904344707727432
constant_acceleration,episode_027,0.25,241,0.0003940111491829157,0.0005565265309996903,0.0009639322524890304,0.004612626042217016,0.0066726114600896835,0.011557301506400108
constant_acceleration,episode_027,0.5,241,0.0030390264000743628,0.00443734647706151,0.007685710210353136,0.018148096278309822,0.026576712727546692,0.046032216399908066
constant_acceleration,episode_027,1.0,241,0.02392321452498436,0.03510478883981705,0.06080327928066254,0.07115582376718521,0.10457979887723923,0.18113753199577332
constant_acceleration,episode_028,0.25,241,0.00043745400034822524,0.0006260996451601386,0.0010844363132491708,0.004217355512082577,0.005746963433921337,0.009954032488167286
constant_acceleration,episode_028,0.5,241,0.0024221136700361967,0.0032294734846800566,0.0055936118587851524,0.012529411353170872,0.016607217490673065,0.028764542192220688
constant_acceleration,episode_028,1.0,241,0.015155886299908161,0.020227501168847084,0.035035062581300735,0.0418478362262249,0.05646522715687752,0.09780064225196838
constant_acceleration,episode_029,0.25,241,0.0006743057747371495,0.0012438733829185367,0.0021544520277529955,0.007890359498560429,0.014617253094911575,0.025317825376987457
constant_acceleration,episode_029,0.5,241,0.005126176401972771,0.00958502572029829,0.016601750627160072,0.030175043269991875,0.05679468438029289,0.09837127476930618
constant_acceleration,episode_029,1.0,241,0.037495069205760956,0.0715034082531929,0.12384753674268723,0.10640409588813782,0.2048974186182022,0.354892760515213
gru_42,episode_025,0.25,241,0.00034339234116487205,0.0005150187062099576,0.0008920385153032839,0.0026935641653835773,0.003895418019965291,0.0067470623180270195
gru_42,episode_025,0.5,241,0.001320487237535417,0.0019317641854286194,0.0033459137193858624,0.005347081925719976,0.008057438768446445,0.013955892994999886
gru_42,episode_025,1.0,241,0.005769182927906513,0.008944347500801086,0.015492064878344536,0.0167634729295969,0.024272743612527847,0.04204162582755089
gru_42,episode_026,0.25,241,0.0001772163959685713,0.0002605211629997939,0.00045123588643036783,0.001328447018750012,0.0019118109485134482,0.0033113535027951
gru_42,episode_026,0.5,241,0.00059569749282673,0.000869322509970516,0.0015057108830660582,0.0019617658108472824,0.003115446073934436,0.005396110936999321
gru_42,episode_026,1.0,241,0.0021215539891272783,0.0035250091459602118,0.006105494685471058,0.007298459764569998,0.01253687497228384,0.021714506670832634
gru_42,episode_027,0.25,241,0.00024676736211404204,0.0003967476077377796,0.000687187013681978,0.0017685481579974294,0.0029048186261206865,0.005031293723732233
gru_42,episode_027,0.5,241,0.0008218418806791306,0.0012871910585090518,0.002229480305686593,0.00306059536524117,0.0043437546119093895,0.007523604203015566
gru_42,episode_027,1.0,241,0.0030453817453235388,0.004286502487957478,0.007424440700560808,0.009786279872059822,0.015237856656312943,0.02639274299144745
gru_42,episode_028,0.25,241,0.00042378477519378066,0.0005429937737062573,0.0009404927841387689,0.003236037213355303,0.004194808192551136,0.007265620399266481
gru_42,episode_028,0.5,241,0.0016463202191516757,0.002101199235767126,0.0036393837071955204,0.007112955674529076,0.008953243494033813,0.0155074717476964
gru_42,episode_028,1.0,241,0.007960903458297253,0.0102732228115201,0.017793744802474976,0.021062828600406647,0.028729718178510666,0.0497613362967968
gru_42,episode_029,0.25,241,0.0003309735911898315,0.0005526861059479415,0.0009572803974151611,0.0027181380428373814,0.004176534712314606,0.007233970798552036
gru_42,episode_029,0.5,241,0.0013930929126217961,0.0020739452447742224,0.0035921786911785603,0.006510918028652668,0.009737547487020493,0.01686592772603035
gru_42,episode_029,1.0,241,0.007284330669790506,0.01228246744722128,0.021273858845233917,0.022739579901099205,0.04214166849851608,0.0729915052652359
gru_43,episode_025,0.25,241,0.00028185435803607106,0.000430067244451493,0.0007448982796631753,0.0021798338275402784,0.0031335551757365465,0.005427476949989796
gru_43,episode_025,0.5,241,0.0010811067186295986,0.0015470432117581367,0.002679557306692004,0.0048166923224925995,0.007103932090103626,0.012304372154176235
gru_43,episode_025,1.0,241,0.005455014295876026,0.008719274774193764,0.015102227218449116,0.01758866384625435,0.027095919474959373,0.04693150892853737
gru_43,episode_026,0.25,241,0.00011310251284157857,0.0001833412970881909,0.0003175564343109727,0.0008868456934578717,0.0014991728821769357,0.0025966435205191374
gru_43,episode_026,0.5,241,0.000485407275846228,0.0008455932838842273,0.0014646105701103806,0.002596419071778655,0.004700558725744486,0.008141606114804745
gru_43,episode_026,1.0,241,0.003875028807669878,0.006618901621550322,0.011464273557066917,0.013066446408629417,0.021203890442848206,0.0367262177169323
gru_43,episode_027,0.25,241,0.00014504182036034763,0.0001973546895897016,0.0003418283595237881,0.0010681295534595847,0.0015051545342430472,0.002607004251331091
gru_43,episode_027,0.5,241,0.000564389571081847,0.0007519882055930793,0.0013024818617850542,0.0028505458030849695,0.0035448058042675257,0.006139784120023251
gru_43,episode_027,1.0,241,0.0033944558817893267,0.004365401808172464,0.007561097387224436,0.010796952992677689,0.0147313941270113,0.025515522807836533
gru_43,episode_028,0.25,241,0.00031090780976228416,0.0003754018107429147,0.0006502149626612663,0.002390754409134388,0.0028856778517365456,0.0049981409683823586
gru_43,episode_028,0.5,241,0.0012000134447589517,0.0014456402277573943,0.0025039222091436386,0.0052956826984882355,0.006484343204647303,0.011231210082769394
gru_43,episode_028,1.0,241,0.006510250270366669,0.00814210157841444,0.014102534390985966,0.02057740092277527,0.026201771572232246,0.045382801443338394
gru_43,episode_029,0.25,241,0.000315550685627386,0.000533204642124474,0.0009235375327989459,0.002626177854835987,0.004266048781573772,0.007389012724161148
gru_43,episode_029,0.5,241,0.0013925132807344198,0.0022750303614884615,0.003940468188375235,0.006538836285471916,0.01120082288980484,0.019400395452976227
gru_43,episode_029,1.0,241,0.008139022625982761,0.014578713104128838,0.025251071900129318,0.02555054984986782,0.047875069081783295,0.08292204886674881
gru_44,episode_025,0.25,241,0.0003041383170057088,0.00048710708506405354,0.0008436942007392645,0.0021662721410393715,0.003456323640421033,0.005986528471112251
gru_44,episode_025,0.5,241,0.0009562703780829906,0.0016531320288777351,0.0028633086476475,0.003919553477317095,0.007121056318283081,0.012334031984210014
gru_44,episode_025,1.0,241,0.005825459491461515,0.009226683527231216,0.01598108373582363,0.020177112892270088,0.02947787381708622,0.05105717480182648
gru_44,episode_026,0.25,241,0.00021205995290074497,0.0003788275644183159,0.0006561485934071243,0.0015080792363733053,0.0027681023348122835,0.0047944942489266396
gru_44,episode_026,0.5,241,0.0007158666849136353,0.001325679593719542,0.002296144375577569,0.0027136460412293673,0.005073683336377144,0.008787876926362514
gru_44,episode_026,1.0,241,0.0028608462307602167,0.005244691856205463,0.009084071964025497,0.008194179274141788,0.014415810815989971,0.024968914687633514
gru_44,episode_027,0.25,241,0.0002344454260310158,0.0003740543907042593,0.0006478812429122627,0.001763037289492786,0.0027727317065000534,0.004802512004971504
gru_44,episode_027,0.5,241,0.0008281050832010806,0.0012734511401504278,0.0022056819871068,0.003202056512236595,0.0045433444902300835,0.007869303226470947
gru_44,episode_027,1.0,241,0.003339537186548114,0.004583565052598715,0.00793896708637476,0.009375014342367649,0.013629885390400887,0.023607654497027397
gru_44,episode_028,0.25,241,0.0003921404422726482,0.0004971674643456936,0.000861119304317981,0.0028402283787727356,0.003565444378182292,0.006175530608743429
gru_44,episode_028,0.5,241,0.0013610116438940167,0.001700627151876688,0.002945572603493929,0.005592891480773687,0.006878799758851528,0.011914430186152458
gru_44,episode_028,1.0,241,0.006313404534012079,0.00793537963181734,0.013744480907917023,0.01827765442430973,0.02378056012094021,0.04118913784623146
gru_44,episode_029,0.25,241,0.00029412348521873355,0.0004677904362324625,0.0008102367864921689,0.0024480761494487524,0.003823627484962344,0.006622717250138521
gru_44,episode_029,0.5,241,0.0012675004545599222,0.002043691463768482,0.0035397778265178204,0.006094092503190041,0.010526939295232296,0.018233193084597588
gru_44,episode_029,1.0,241,0.008477745577692986,0.015249213203787804,0.026412412524223328,0.0283608790487051,0.05389663949608803,0.09335172176361084
mlp_42,episode_025,0.25,241,0.0003079074958804995,0.00041072542080655694,0.0007113972678780556,0.0023345889057964087,0.003168840426951647,0.005488593131303787
mlp_42,episode_025,0.5,241,0.0011599629651755095,0.0016235167859122157,0.002812013728544116,0.005119991023093462,0.0075347647070884705,0.013050595298409462
mlp_42,episode_025,1.0,241,0.005689044017344713,0.009226752445101738,0.015981202945113182,0.015688929706811905,0.027522943913936615,0.047671135514974594
mlp_42,episode_026,0.25,241,0.00019295973470434546,0.0002959810371976346,0.0005126542528159916,0.0014968544710427523,0.0022892924025654793,0.0039651705883443356
mlp_42,episode_026,0.5,241,0.0006901649758219719,0.0010851527331396937,0.0018795396899804473,0.002727373968809843,0.004219908732920885,0.007309096399694681
mlp_42,episode_026,1.0,241,0.002830607583746314,0.00461610546335578,0.00799532886594534,0.008120064623653889,0.014103944413363934,0.024428747594356537
mlp_42,episode_027,0.25,241,0.0002849845914170146,0.00036779631045646966,0.0006370419287122786,0.0020993303041905165,0.002663723658770323,0.004613704979419708
mlp_42,episode_027,0.5,241,0.0010094867320731282,0.0012838937109336257,0.002223769435659051,0.0042195869609713554,0.005694375839084387,0.009862948209047318
mlp_42,episode_027,1.0,241,0.004751498810946941,0.007117809262126684,0.012328406795859337,0.01355032529681921,0.021896684542298317,0.037926170974969864
mlp_42,episode_028,0.25,241,0.0007058459450490773,0.0010336749255657196,0.0017903776606544852,0.0056668296456336975,0.008092316798865795,0.014016306027770042
mlp_42,episode_028,0.5,241,0.0028820412699133158,0.0040235575288534164,0.006969005800783634,0.011954245157539845,0.01603960059583187,0.027781402692198753
mlp_42,episode_028,1.0,241,0.013392223976552486,0.017203552648425102,0.029797425493597984,0.03273779898881912,0.04086614027619362,0.07078222185373306
mlp_42,episode_029,0.25,241,0.0003143558860756457,0.0004906059475615621,0.0008497544331476092,0.0022810271475464106,0.0034383065067231655,0.005955321714282036
mlp_42,episode_029,0.5,241,0.0011619020951911807,0.0017645577900111675,0.003056303597986698,0.005858530756086111,0.009388352744281292,0.016261104494333267
mlp_42,episode_029,1.0,241,0.008994919247925282,0.014816195704042912,0.02566240355372429,0.03224983438849449,0.0550672747194767,0.0953793153166771
mlp_43,episode_025,0.25,241,0.0003820069832727313,0.00047670482308603823,0.0008256769506260753,0.003038993338122964,0.003810088150203228,0.006599266082048416
mlp_43,episode_025,0.5,241,0.0015870860079303384,0.0020984397269785404,0.003634604625403881,0.007234237622469664,0.010457963682711124,0.018113724887371063
mlp_43,episode_025,1.0,241,0.008329520933330059,0.013162754476070404,0.022798560559749603,0.022464297711849213,0.03717974200844765,0.06439720839262009
mlp_43,episode_026,0.25,241,0.00028610133449546993,0.0004562798421829939,0.0007902998477220535,0.0019278863910585642,0.003424515016376972,0.005931434221565723
mlp_43,episode_026,0.5,241,0.0009466207702644169,0.00165256904438138,0.002862333320081234,0.003874668385833502,0.006424224469810724,0.011127082630991936
mlp_43,episode_026,1.0,241,0.0037691465113312006,0.006547503173351288,0.011340607888996601,0.009125460870563984,0.015482132323086262,0.02681584097445011
mlp_43,episode_027,0.25,241,0.00028764887247234583,0.0004016167367808521,0.0006956206052564085,0.0024595619179308414,0.003548983484506607,0.006147019565105438
mlp_43,episode_027,0.5,241,0.001344094518572092,0.001987466122955084,0.0034423922188580036,0.006419958546757698,0.009977251291275024,0.01728110760450363
mlp_43,episode_027,1.0,241,0.007536609657108784,0.012138927355408669,0.021025240421295166,0.020478038117289543,0.03331300988793373,0.05769982188940048
mlp_43,episode_028,0.25,241,0.0005711510893888772,0.0006776973023079336,0.001173806027509272,0.004535545129328966,0.005366817582398653,0.009295601397752762
mlp_43,episode_028,0.5,241,0.0022106021642684937,0.0026334510184824467,0.0045612710528075695,0.008685578592121601,0.010499409399926662,0.018185511231422424
mlp_43,episode_028,1.0,241,0.009237496182322502,0.011329248547554016,0.019622832536697388,0.02272408828139305,0.02784067392349243,0.04822146147489548
mlp_43,episode_029,0.25,241,0.0002806421252898872,0.0004451503627933562,0.0007710231002420187,0.0023974888026714325,0.003441576147451997,0.0059609850868582726
mlp_43,episode_029,0.5,241,0.0013504429953172803,0.001962790498510003,0.0033996528945863247,0.007363569922745228,0.010813362896442413,0.01872929371893406
mlp_43,episode_029,1.0,241,0.009854963980615139,0.015255185775458813,0.026422755792737007,0.0312684141099453,0.05196176841855049,0.09000042080879211
mlp_44,episode_025,0.25,241,0.00043486827053129673,0.0005232383846305311,0.000906275468878448,0.0035872117150574923,0.004329434596002102,0.007498800288885832
mlp_44,episode_025,0.5,241,0.0017946945736184716,0.0022886551450937986,0.003964066971093416,0.00797582883387804,0.01079488918185234,0.01869729720056057
mlp_44,episode_025,1.0,241,0.008146027103066444,0.012937934137880802,0.02240915782749653,0.021159106865525246,0.03689948469400406,0.0639117881655693
mlp_44,episode_026,0.25,241,0.0002083104627672583,0.0003387790929991752,0.0005867825821042061,0.0013836158905178308,0.002356510143727064,0.004081595689058304
mlp_44,episode_026,0.5,241,0.0006017367704771459,0.001034656073898077,0.001792076975107193,0.0026452296879142523,0.00405172910541296,0.007017800584435463
mlp_44,episode_026,1.0,241,0.0033007957972586155,0.004728725645691156,0.008190393447875977,0.009915836155414581,0.01560613140463829,0.027030615136027336
mlp_44,episode_027,0.25,241,0.00023591423814650625,0.0002991794317495078,0.0005181939923204482,0.0017188137862831354,0.0022148757707327604,0.003836277173832059
mlp_44,episode_027,0.5,241,0.0008242112235166132,0.001069284277036786,0.0018520546145737171,0.004002340137958527,0.005366419907659292,0.009294912219047546
mlp_44,episode_027,1.0,241,0.004882880952209234,0.007234020158648491,0.012529690749943256,0.014759279787540436,0.02328195981681347,0.04032553732395172
mlp_44,episode_028,0.25,241,0.0005593690439127386,0.0006795653025619686,0.00117704167496413,0.004653477109968662,0.005682102870196104,0.00984169077128172
mlp_44,episode_028,0.5,241,0.0024081291630864143,0.002953249728307128,0.0051151784136891365,0.010687836445868015,0.013319904915988445,0.023070750758051872
mlp_44,episode_028,1.0,241,0.012661953456699848,0.01614256016910076,0.027959734201431274,0.03512123227119446,0.04575895890593529,0.07925684005022049
mlp_44,episode_029,0.25,241,0.00028632627800107,0.0005915191140957177,0.0010245410958305001,0.002400814089924097,0.004449718631803989,0.007707139011472464
mlp_44,episode_029,0.5,241,0.0013172631151974201,0.0022804485633969307,0.0039498526602983475,0.006921570282429457,0.011500882916152477,0.019920114427804947
mlp_44,episode_029,1.0,241,0.009547180496156216,0.016503741964697838,0.028585318475961685,0.032442521303892136,0.05721670761704445,0.09910223633050919
no_acc_att_42,episode_025,0.25,241,0.002095538657158613,0.0029295552521944046,0.005074138753116131,0.016668058931827545,0.023640485480427742,0.04094652459025383
no_acc_att_42,episode_025,0.5,241,0.008300823159515858,0.011895479634404182,0.020603574812412262,0.03307187929749489,0.04864776134490967,0.08426038920879364
no_acc_att_42,episode_025,1.0,241,0.03209713101387024,0.04856068268418312,0.08410956710577011,0.062243107706308365,0.09935890138149261,0.1720946729183197
no_acc_att_42,episode_026,0.25,241,0.0005867427098564804,0.0010040177730843425,0.001739009632728994,0.0044571710750460625,0.008017596788704395,0.013886884786188602
no_acc_att_42,episode_026,0.5,241,0.00224851886741817,0.004076944198459387,0.0070614744909107685,0.009755164384841919,0.017472315579652786,0.030262937769293785
no_acc_att_42,episode_026,1.0,241,0.010831544175744057,0.018780482932925224,0.032528750598430634,0.027334269136190414,0.044850826263427734,0.07768391072750092
no_acc_att_42,episode_027,0.25,241,0.0013304173480719328,0.0022664328571408987,0.003925577271729708,0.010682730935513973,0.018696557730436325,0.03238338977098465
no_acc_att_42,episode_027,0.5,241,0.0054680597968399525,0.009553206153213978,0.016546638682484627,0.023004023358225822,0.04008670523762703,0.06943221390247345
no_acc_att_42,episode_027,1.0,241,0.02354435808956623,0.040901947766542435,0.07084424793720245,0.050161443650722504,0.08670519292354584,0.15017779171466827
no_acc_att_42,episode_028,0.25,241,0.0021309342700988054,0.0028568438719958067,0.004948199260979891,0.016587117686867714,0.02225731499493122,0.03855080157518387
no_acc_att_42,episode_028,0.5,241,0.008126369677484035,0.010933620855212212,0.01893758773803711,0.03152710199356079,0.04262075200676918,0.0738213062286377
no_acc_att_42,episode_028,1.0,241,0.03072211891412735,0.04144429787993431,0.0717836320400238,0.06029774248600006,0.08052442967891693,0.13947241008281708
no_acc_att_42,episode_029,0.25,241,0.0016651854384690523,0.002907377202063799,0.0050357249565422535,0.013194631785154343,0.022941475734114647,0.03973579779267311
no_acc_att_42,episode_029,0.5,241,0.006708069238811731,0.011495220474898815,0.019910303875803947,0.027717353776097298,0.04800698161125183,0.08315052837133408
no_acc_att_42,episode_029,1.0,241,0.028068600222468376,0.05077571049332619,0.08794610947370529,0.06251822412014008,0.12095925956964493,0.20950758457183838
no_acc_att_43,episode_025,0.25,241,0.0018090561497956514,0.00290434411726892,0.005030471831560135,0.014357170090079308,0.022833338007330894,0.03954850137233734
no_acc_att_43,episode_025,0.5,241,0.007027496583759785,0.011184712871909142,0.019372491165995598,0.02710866928100586,0.04372765123844147,0.07573851197957993
no_acc_att_43,episode_025,1.0,241,0.02593364380300045,0.04257141053676605,0.07373584806919098,0.05166180804371834,0.08486586064100266,0.14699198305606842
no_acc_att_43,episode_026,0.25,241,0.0006656122277490795,0.0010394541313871741,0.0018003872828558087,0.005281093996018171,0.00836896151304245,0.014495465904474258
no_acc_att_43,episode_026,0.5,241,0.0026792793069034815,0.004296199884265661,0.007441235706210136,0.012242319993674755,0.019223669543862343,0.0332963727414608
no_acc_att_43,episode_026,1.0,241,0.013907257467508316,0.021608812734484673,0.03742755949497223,0.03562542051076889,0.05542203411459923,0.0959937795996666
no_acc_att_43,episode_027,0.25,241,0.0014996679965406656,0.0023539874237030745,0.004077225457876921,0.011868467554450035,0.019035696983337402,0.03297079727053642
no_acc_att_43,episode_027,0.5,241,0.005872576031833887,0.009600618854165077,0.01662875898182392,0.02298734523355961,0.039353661239147186,0.06816254556179047
no_acc_att_43,episode_027,1.0,241,0.02276764251291752,0.03970850631594658,0.06877715140581131,0.04819450154900551,0.08323784172534943,0.14417217671871185
no_acc_att_43,episode_028,0.25,241,0.00249379500746727,0.0031674241181463003,0.00548614002764225,0.01985723339021206,0.025428161025047302,0.04404286667704582
no_acc_att_43,episode_028,0.5,241,0.00998309813439846,0.012798610143363476,0.022167842835187912,0.040472738444805145,0.052330486476421356,0.09063905477523804
no_acc_att_43,episode_028,1.0,241,0.040709272027015686,0.05283612385392189,0.09151484817266464,0.08452758193016052,0.11040528118610382,0.19122754037380219
no_acc_att_43,episode_029,0.25,241,0.0017914169002324343,0.003310828236863017,0.005734523292630911,0.015004649758338928,0.02723468840122223,0.04717186093330383
no_acc_att_43,episode_029,0.5,241,0.007805162575095892,0.014043792150914669,0.024324562400579453,0.035136640071868896,0.06183886155486107,0.10710804909467697
no_acc_att_43,episode_029,1.0,241,0.037291109561920166,0.06582014262676239,0.11400382965803146,0.08789115399122238,0.15545609593391418,0.26925787329673767
no_acc_att_44,episode_025,0.25,241,0.002439310308545828,0.0037520560435950756,0.006498751230537891,0.019488202407956123,0.030397925525903702,0.052650753408670425
no_acc_att_44,episode_025,0.5,241,0.0097417701035738,0.015325980260968208,0.02654537558555603,0.03929401934146881,0.06292571872472763,0.10899053514003754
no_acc_att_44,episode_025,1.0,241,0.03881431370973587,0.06281356513500214,0.10879628360271454,0.07733560353517532,0.12683939933776855,0.21969228982925415
no_acc_att_44,episode_026,0.25,241,0.0008642965112812817,0.0012861925642937422,0.002227750839665532,0.007014451548457146,0.010020189918577671,0.017355477437376976
no_acc_att_44,episode_026,0.5,241,0.0035367209929972887,0.004980542231351137,0.008626551367342472,0.01491997204720974,0.020735012367367744,0.035914093255996704
no_acc_att_44,episode_026,1.0,241,0.016140714287757874,0.02229105867445469,0.03860924765467644,0.038250379264354706,0.05411582812666893,0.0937313586473465
no_acc_att_44,episode_027,0.25,241,0.0017022365937009454,0.0027796090580523014,0.0048144240863621235,0.013565526343882084,0.022410428151488304,0.038815997540950775
no_acc_att_44,episode_027,0.5,241,0.006776261143386364,0.011234216392040253,0.019458234310150146,0.027214430272579193,0.0455184169113636,0.07884020358324051
no_acc_att_44,episode_027,1.0,241,0.026899615302681923,0.04512445256114006,0.07815784215927124,0.05539557337760925,0.09108109772205353,0.15775708854198456
no_acc_att_44,episode_028,0.25,241,0.002522949129343033,0.003412444144487381,0.005910526495426893,0.019595548510551453,0.02686477266252041,0.04653115198016167
no_acc_att_44,episode_028,0.5,241,0.00965919904410839,0.013384240679442883,0.023182185366749763,0.03762803226709366,0.05346580222249031,0.09260548651218414
no_acc_att_44,episode_028,1.0,241,0.03766406700015068,0.05411629006266594,0.09373216331005096,0.07621438056230545,0.112498439848423,0.1948530077934265
no_acc_att_44,episode_029,0.25,241,0.0019503694493323565,0.0035270066000521183,0.006108955014497042,0.015982015058398247,0.028996579349040985,0.05022354796528816
no_acc_att_44,episode_029,0.5,241,0.008229815401136875,0.01490333117544651,0.025813326239585876,0.03596160560846329,0.06440164148807526,0.11154691129922867
no_acc_att_44,episode_029,1.0,241,0.03758157044649124,0.06715860962867737,0.1163221225142479,0.08561783283948898,0.15227021276950836,0.26373979449272156
