model,horizon_s,windows,position_mae,position_rmse,position_vector_rmse,velocity_mae,velocity_rmse,velocity_vector_rmse
constant_velocity,0.25,1205,0.004302287008613348,0.006983249448239803,0.012095342390239239,0.03422347083687782,0.05540452525019646,0.09596345573663712
constant_velocity,0.5,1205,0.01695026084780693,0.0273811724036932,0.047425586730241776,0.06695621460676193,0.10785911232233047,0.1868174523115158
constant_velocity,1.0,1205,0.06546876579523087,0.10505896061658859,0.18196745216846466,0.12775379419326782,0.2048400342464447,0.35479333996772766
constant_acceleration,0.25,1205,0.00041574196075089276,0.0007808797527104616,0.0013525234535336494,0.004647852387279272,0.008948052302002907,0.015498481690883636
constant_acceleration,0.5,1205,0.0029504853300750256,0.005786935333162546,0.010023266077041626,0.016972336918115616,0.033890727907419205,0.05870046094059944
constant_acceleration,1.0,1205,0.0213537085801363,0.042784493416547775,0.0741049200296402,0.061036497354507446,0.1225408986210823,0.2122470736503601
gru_42,0.25,1205,0.00030442688148468733,0.0004670820781029761,0.0008090098854154348,0.002348946873098612,0.0035300746094435453,0.00611426867544651
gru_42,0.5,1205,0.0011554878437891603,0.0017239827429875731,0.0029860257636755705,0.004798663314431906,0.007327713537961245,0.012691971845924854
gru_42,1.0,1205,0.005236270371824503,0.008569705300033092,0.014843165874481201,0.015530124306678772,0.026757610961794853,0.0463455431163311
gru_43,0.25,1205,0.00023329143004957587,0.0003695279301609844,0.0006400411366485059,0.0018303482793271542,0.002858618041500449,0.004951271694153547
gru_43,0.5,1205,0.0009446859476156533,0.001479154801927507,0.0025619713123887777,0.0044196355156600475,0.007108191028237343,0.01231174822896719
gru_43,1.0,1205,0.0054747541435062885,0.009140295907855034,0.01583145745098591,0.01751600205898285,0.02959514409303665,0.051260292530059814
gru_44,0.25,1205,0.0002873815246857703,0.00044423050712794065,0.0007694297819398344,0.002145138569176197,0.0033054237719625235,0.005725162103772163
gru_44,0.5,1205,0.0010257508838549256,0.0016236229566857219,0.002812197431921959,0.004304448142647743,0.007144620176404715,0.012374845333397388
gru_44,1.0,1205,0.005363399162888527,0.009264515712857246,0.016046613454818726,0.01687696762382984,0.030766531825065613,0.05328919366002083
mlp_42,0.25,1205,0.00036121075390838087,0.000583224231377244,0.0010101739317178726,0.002775726141408086,0.004465095233172178,0.00773377250880003
mlp_42,0.5,1205,0.0013807117938995361,0.0022255077492445707,0.003854692680761218,0.005975945387035608,0.009512268006801605,0.016475729644298553
mlp_42,1.0,1205,0.007131658494472504,0.01159815862774849,0.020088599994778633,0.020469389855861664,0.03503810614347458,0.06068778038024902
mlp_43,0.25,1205,0.0003615100577007979,0.0005008327425457537,0.0008674677810631692,0.0028718954417854548,0.003987142816185951,0.00690593384206295
mlp_43,0.5,1205,0.0014877693029120564,0.0020915097557008266,0.003622601041570306,0.006715602707117796,0.00977089162915945,0.016923680901527405
mlp_43,1.0,1205,0.0077455476857721806,0.012037890963256359,0.02085023932158947,0.021212060004472733,0.0352332629263401,0.06102580577135086
mlp_44,0.25,1205,0.000344957661582157,0.0005078901303932071,0.0008796915062703192,0.002748786471784115,0.004032098688185215,0.006983800325542688
mlp_44,0.5,1205,0.001389206969179213,0.0020675568375736475,0.0035811131820082664,0.006446560844779015,0.009710147976875305,0.016818467527627945
mlp_44,1.0,1205,0.007707767188549042,0.012450202368199825,0.021564384922385216,0.02267959527671337,0.03876804560422897,0.06714822351932526
no_acc_att_42,0.25,1205,0.001561763696372509,0.0025036558508872986,0.0043364595621824265,0.012317941524088383,0.0199720561504364,0.03459261357784271
no_acc_att_42,0.5,1205,0.006170368287712336,0.01001071184873581,0.017339061945676804,0.025015102699398994,0.04098787531256676,0.0709930807352066
no_acc_att_42,1.0,1205,0.0250527486205101,0.04166441783308983,0.07216488569974899,0.052510954439640045,0.09001878648996353,0.15591710805892944
no_acc_att_43,0.25,1205,0.0016519095515832305,0.002685185056179762,0.004650877323001623,0.013273723423480988,0.021642912179231644,0.03748662397265434
no_acc_att_43,0.5,1205,0.006673522759228945,0.010924830101430416,0.018922360613942146,0.027589542791247368,0.04559142887592316,0.0789666697382927
no_acc_att_43,1.0,1205,0.028121784329414368,0.046861451119184494,0.08116641640663147,0.06158009171485901,0.10349712520837784,0.17926228046417236
no_acc_att_44,0.25,1205,0.0018958323635160923,0.0030836015939712524,0.005340954288840294,0.01512914802879095,0.024856319651007652,0.04305240884423256
no_acc_att_44,0.5,1205,0.0075887530110776424,0.012547081336379051,0.021732183173298836,0.031003611162304878,0.05189927667379379,0.0898921862244606
no_acc_att_44,1.0,1205,0.03142005577683449,0.05275889113545418,0.09138108044862747,0.06656274944543839,0.11238740384578705,0.1946607083082199
