method,kind,severity,events,detected,missed,precision,recall,f1,mean_detected_delay_s,clean_false_alarms_per_min
consistency_42,dropout,0.0,10,10,0,0.625,1.0,0.7692307692307693,0.09960212480000008,2.66874477481123
consistency_42,freeze,0.0,10,10,0,0.625,1.0,0.7692307692307693,0.09960212480000008,2.66874477481123
consistency_42,smooth_position_drift,0.03,30,30,0,0.5882352941176471,1.0,0.7407407407407407,0.32250688,2.66874477481123
consistency_42,smooth_position_drift,0.1,30,30,0,0.6122448979591837,1.0,0.759493670886076,0.24440521386666655,2.66874477481123
consistency_42,smooth_position_drift,0.3,30,30,0,0.625,1.0,0.7692307692307693,0.21300454400000005,2.66874477481123
consistency_42,velocity_bias,0.03,30,30,0,0.625,1.0,0.7692307692307693,0.5117109162666664,2.66874477481123
consistency_42,velocity_bias,0.1,30,30,0,0.625,1.0,0.7692307692307693,0.3613077077333334,2.66874477481123
consistency_42,velocity_bias,0.3,30,30,0,0.625,1.0,0.7692307692307693,0.2809059925333332,2.66874477481123
consistency_43,dropout,0.0,10,10,0,0.7692307692307693,1.0,0.8695652173913044,0.09960212480000008,1.0007792905542112
consistency_43,freeze,0.0,10,10,0,0.7692307692307693,1.0,0.8695652173913044,0.09960212480000008,1.0007792905542112
consistency_43,smooth_position_drift,0.03,30,30,0,0.7692307692307693,1.0,0.8695652173913044,0.3344071338666667,1.0007792905542112
consistency_43,smooth_position_drift,0.1,30,30,0,0.7692307692307693,1.0,0.8695652173913044,0.2711057834666665,1.0007792905542112
consistency_43,smooth_position_drift,0.3,30,30,0,0.7692307692307693,1.0,0.8695652173913044,0.2313049343999999,1.0007792905542112
consistency_43,velocity_bias,0.03,30,30,0,0.75,1.0,0.8571428571428571,0.5788123477333333,1.0007792905542112
consistency_43,velocity_bias,0.1,30,30,0,0.7692307692307693,1.0,0.8695652173913044,0.38750826666666655,1.0007792905542112
consistency_43,velocity_bias,0.3,30,30,0,0.7692307692307693,1.0,0.8695652173913044,0.2892061695999998,1.0007792905542112
consistency_44,dropout,0.0,10,10,0,0.7142857142857143,1.0,0.8333333333333333,0.09960212480000008,3.3359309685140377
consistency_44,freeze,0.0,10,10,0,0.7142857142857143,1.0,0.8333333333333333,0.09960212480000008,3.3359309685140377
consistency_44,smooth_position_drift,0.03,30,30,0,0.6976744186046512,1.0,0.8219178082191781,0.2875061333333332,3.3359309685140377
consistency_44,smooth_position_drift,0.1,30,30,0,0.7142857142857143,1.0,0.8333333333333333,0.22310475946666664,3.3359309685140377
consistency_44,smooth_position_drift,0.3,30,30,0,0.7142857142857143,1.0,0.8333333333333333,0.21480458240000003,3.3359309685140377
consistency_44,velocity_bias,0.03,30,30,0,0.6976744186046512,1.0,0.8219178082191781,0.5888125610666666,3.3359309685140377
consistency_44,velocity_bias,0.1,30,30,0,0.6976744186046512,1.0,0.8219178082191781,0.3449073578666667,3.3359309685140377
consistency_44,velocity_bias,0.3,30,30,0,0.6976744186046512,1.0,0.8219178082191781,0.2595055359999999,3.3359309685140377
consistency_mlp_42,dropout,0.0,10,10,0,0.8333333333333334,1.0,0.9090909090909091,0.09960212480000008,2.3351516779598263
consistency_mlp_42,freeze,0.0,10,10,0,0.8333333333333334,1.0,0.9090909090909091,0.09960212480000008,2.3351516779598263
consistency_mlp_42,smooth_position_drift,0.03,30,30,0,0.8333333333333334,1.0,0.9090909090909091,0.20790443520000004,2.3351516779598263
consistency_mlp_42,smooth_position_drift,0.1,30,30,0,0.8333333333333334,1.0,0.9090909090909091,0.1556033194666665,2.3351516779598263
consistency_mlp_42,smooth_position_drift,0.3,30,30,0,0.8333333333333334,1.0,0.9090909090909091,0.15230324906666654,2.3351516779598263
consistency_mlp_42,velocity_bias,0.03,30,30,0,0.8333333333333334,1.0,0.9090909090909091,0.3917083562666666,2.3351516779598263
consistency_mlp_42,velocity_bias,0.1,30,30,0,0.8333333333333334,1.0,0.9090909090909091,0.26940574719999993,2.3351516779598263
consistency_mlp_42,velocity_bias,0.3,30,30,0,0.8333333333333334,1.0,0.9090909090909091,0.20800443733333326,2.3351516779598263
neural_only,dropout,0.0,10,0,10,0.0,0.0,0.0,,2.66874477481123
neural_only,freeze,0.0,10,0,10,0.0,0.0,0.0,,2.66874477481123
neural_only,smooth_position_drift,0.03,30,30,0,0.5882352941176471,1.0,0.7407407407407407,0.32250688,2.66874477481123
neural_only,smooth_position_drift,0.1,30,30,0,0.6122448979591837,1.0,0.759493670886076,0.24440521386666655,2.66874477481123
neural_only,smooth_position_drift,0.3,30,30,0,0.625,1.0,0.7692307692307693,0.21300454400000005,2.66874477481123
neural_only,velocity_bias,0.03,30,30,0,0.625,1.0,0.7692307692307693,0.5117109162666664,2.66874477481123
neural_only,velocity_bias,0.1,30,30,0,0.625,1.0,0.7692307692307693,0.3613077077333334,2.66874477481123
neural_only,velocity_bias,0.3,30,30,0,0.625,1.0,0.7692307692307693,0.2809059925333332,2.66874477481123
no_persistence,dropout,0.0,10,10,0,0.5,1.0,0.6666666666666666,0.0,5.33748954962246
no_persistence,freeze,0.0,10,10,0,0.5,1.0,0.6666666666666666,0.0,5.33748954962246
no_persistence,smooth_position_drift,0.03,30,30,0,0.46153846153846156,1.0,0.631578947368421,0.22300475733333328,5.33748954962246
no_persistence,smooth_position_drift,0.1,30,30,0,0.45454545454545453,1.0,0.625,0.14530309973333325,5.33748954962246
no_persistence,smooth_position_drift,0.3,30,30,0,0.46153846153846156,1.0,0.631578947368421,0.10290219520000012,5.33748954962246
no_persistence,velocity_bias,0.03,30,30,0,0.47619047619047616,1.0,0.6451612903225806,0.4114087765333333,5.33748954962246
no_persistence,velocity_bias,0.1,30,30,0,0.47619047619047616,1.0,0.6451612903225806,0.2611055701333333,5.33748954962246
no_persistence,velocity_bias,0.3,30,30,0,0.45454545454545453,1.0,0.625,0.18160387413333318,5.33748954962246
timestamp_rules,dropout,0.0,10,10,0,1.0,1.0,1.0,0.09960212480000008,0.0
timestamp_rules,freeze,0.0,10,10,0,1.0,1.0,1.0,0.09960212480000008,0.0
timestamp_rules,smooth_position_drift,0.03,30,0,30,0.0,0.0,0.0,,0.0
timestamp_rules,smooth_position_drift,0.1,30,0,30,0.0,0.0,0.0,,0.0
timestamp_rules,smooth_position_drift,0.3,30,0,30,0.0,0.0,0.0,,0.0
timestamp_rules,velocity_bias,0.03,30,0,30,0.0,0.0,0.0,,0.0
timestamp_rules,velocity_bias,0.1,30,0,30,0.0,0.0,0.0,,0.0
timestamp_rules,velocity_bias,0.3,30,0,30,0.0,0.0,0.0,,0.0
trapezoid_rules,dropout,0.0,10,10,0,1.0,1.0,1.0,0.09960212480000008,0.0
trapezoid_rules,freeze,0.0,10,10,0,1.0,1.0,1.0,0.09960212480000008,0.0
trapezoid_rules,smooth_position_drift,0.03,30,0,30,0.0,0.0,0.0,,0.0
trapezoid_rules,smooth_position_drift,0.1,30,30,0,1.0,1.0,1.0,1.1149237845333333,0.0
trapezoid_rules,smooth_position_drift,0.3,30,30,0,1.0,1.0,1.0,0.42450905600000005,0.0
trapezoid_rules,velocity_bias,0.03,30,0,30,0.0,0.0,0.0,,0.0
trapezoid_rules,velocity_bias,0.1,30,30,0,1.0,1.0,1.0,1.9954425685333335,0.0
trapezoid_rules,velocity_bias,0.3,30,30,0,1.0,1.0,1.0,0.9610205013333333,0.0
